{
    "accuracy": 0.6775658492279746,
    "precision": 0.07659574468085106,
    "recall": 0.11538461538461539,
    "auc": 0.4656016822683489
}
